id,info,desc,type_id,image_url
2953,Offer to Twin Maiden Husks for new item access,"Bell bearing of a merchant left behind, found upon his perished flesh.

Offer to the Twin Maiden Husks at the Roundtable Hold to gain access to new items.",1,
2954,Key to open the academy's two sealed gates,"Key to the seals binding both gates to the Academy of Raya Lucaria.

Activates warp magic bound within the seals.

This glintstone key is still brand new, unused by anyone.",1,https://eldenring.fanapis.com/images/items/17f6979cd85l0i206pxht9kpknud0h.png
2955,Give to a learned sorcerer to acquire new sorceries,"Scroll of the Academy of Raya Lucaria, the glintstone sorcerers' place of study.

Can be given to a learned sorcerer to gain access to the following sorceries:

- Great Glintstone Shard
- Swift Glintstone Shard",1,https://eldenring.fanapis.com/images/items/17f694fccbbl0i20eikwp9uvlqwr6o.png
2956,Keepsake of the warrior jar Alexander,"A keepsake of the warrior jar Alexander.
Found at the core of the dead flesh that once filled the great jar.

The jars contain dregs inherited from those who came before. Thus are warriors passed from jar to jar, carrying dreams of greatness.",1,
2957,Glistening amber draught made for a scheme,"Small flask received from Preceptor Seluvis containing a gleaming amber draught for use in a scheme.

""Give it to Ranni and ensure she drinks it. And we'll be in a position to claim the very finest puppet ever crafted.""",1,
2958,Ingredient used in special draught,"An ephemeral sliver that gives off a pale amber glow.
What remains of a passing flash of starlight.

If the stars command our fates, then amber-hued stars must command the fates of the gods. Such is the belief that inspired the use of these shards to prepare a most special draught.

Cannot be consumed by mere humans.",1,
2959,Expands crafting repertoire,"A record of crafting techniques taught by the capital's ancient dragon cult.
Details techniques that harness lightning, the weapon of the ancient dragons.

Acquire the knowledge to craft the following:

- Lightning Grease
- Drawstring Lightning Grease
- Lightningbone Arrow
- Lightningbone Arrow (Fletched)
- Lightningbone Bolt",1,https://eldenring.fanapis.com/images/items/17f69c972e4l0i1ziaqbmt5nn2nfxk.png
2960,Expands crafting repertoire,"A record of crafting techniques taught by the capital's ancient dragon cult.
Details techniques that harness lightning, the weapon of the ancient dragons.

Acquire the knowledge to craft the following:

- Lightning Pot
- Roped Lightning Pot",1,https://eldenring.fanapis.com/images/items/17f69b9584al0i1zivdht7fbjv2zjq.png
2961,Expands crafting repertoire,"A record of crafting techniques taught by the capital's ancient dragon cult.
Details techniques that harness lightning, the weapon of the ancient dragons.

Acquire the knowledge to craft the following:

- Dragonwound Grease",1,https://eldenring.fanapis.com/images/items/17f69b12521l0i1zivlbebkgvvzsal.png
2962,Expands crafting repertoire,"A record of crafting techniques taught by the capital's ancient dragon cult.
Details techniques that harness lightning, the weapon of the ancient dragons.

Acquire the knowledge to craft the following:

- Ancient Dragonbolt Pot
- Lightningproof Dried Liver",1,https://eldenring.fanapis.com/images/items/17f69b4a217l0i1zix90eaz2cyjd06r.png
2963,Give to a learned cleric to acquire new incantations,"Prayerbook of the capital's ancient dragon cult.
A lost tome that never reached the Lands Between.
Contains red lightning incantations.

Can be given to a learned cleric to gain access to the following incantations:

- Ancient Dragons' Lightning Spear
- Ancient Dragons' Lightning Strike",1,https://eldenring.fanapis.com/images/items/17f69e2b453l0i20e2ze058fuit5nf.png
2964,Expands crafting repertoire,"A record of crafting techniques left by an armorer who served the great general Radahn.
Contains knowledge of dealing with rot; the application of fire in particular.

Acquire the knowledge to craft the following:

- Fire Grease
- Drawstring Fire Grease
- Fireproof Dried Liver",1,https://eldenring.fanapis.com/images/items/17f695b03bcl0i1z9pei7soclm9rrb.png
2965,Expands crafting repertoire,"A record of crafting techniques left by an armorer who served the great general Radahn.
Contains knowledge of dealing with rot; the application of fire in particular.

Acquire the knowledge to craft the following:

- Firebone Arrow
- Firebone Arrow (Fletched)
- Firebone Bolt
- Neutralizing Boluses",1,https://eldenring.fanapis.com/images/items/17f698d84c6l0i1z9j88aqgzk91xi.png
2966,Expands crafting repertoire,"A record of crafting techniques left by an armorer who served the great general Radahn.
Contains knowledge of dealing with rot; the application of fire in particular.

Acquire the knowledge to craft the following:

- Exalted Flesh",1,https://eldenring.fanapis.com/images/items/17f6973b0dfl0i1z9j8z53v119vieb.png
2967,Expands crafting repertoire,"A record of crafting techniques left by an armorer who served the great general Radahn.
Contains knowledge of dealing with rot; the application of fire in particular.

Acquire the knowledge to craft the following:

- Redmane Fire Pot",1,https://eldenring.fanapis.com/images/items/17f69580265l0i1z9ldv7cl2ik9fj.png
2968,Expands crafting repertoire,"A record of crafting techniques left by an armorer who served the great general Radahn.
Contains knowledge of dealing with rot; the application of fire in particular.

Acquire the knowledge to craft the following:

- Immunizing Cured Meat
- Immunizing White Cured Meat",1,https://eldenring.fanapis.com/images/items/17f69d9a17el0i1za4u32e9vwk8fod.png
2969,Expands crafting repertoire,"A record of crafting techniques left by an armorer who served the great general Radahn.
Contains knowledge of dealing with rot; the application of fire in particular.

Acquire the knowledge to craft the following:

- Preserving Boluses",1,https://eldenring.fanapis.com/images/items/17f6964fe20l0i1za7f9d49sepjq0m.png
2970,Expands crafting repertoire,"A record of crafting techniques left by an armorer who served the great general Radahn.
Contains knowledge of dealing with rot; the application of fire in particular.

Acquire the knowledge to craft the following:

- Giantsflame Fire Pot",1,https://eldenring.fanapis.com/images/items/17f69648c8cl0i1za89md3xfqou70r.png
2971,Give to a learned cleric to acquire new incantations,"Prayerbook of the Roundtable Hold's assassins.

Can be given to a learned cleric to gain access to the following incantations:

- Assassin's Approach
- Darkness",1,https://eldenring.fanapis.com/images/items/17f69ab901fl0i20dd00gtgirm4elci.png
2972,Said to tremble when close to Deathroot,"Claw-marked stone eye received from Gurranq, Beast Clergyman.

It is said to tremble when near Deathroot.

The murky violet iris writhes as if alive.
""I am not sated... Feed me more...Death...""",1,https://eldenring.fanapis.com/images/items/17f69c98ba8l0i208j7gybwirorhvk.png
2973,Offer to Twin Maiden Husks for new item access,"Knight Bernahl's bell bearing, found upon his perished flesh.

Offer to the Twin Maiden Husks at the Roundtable Hold to gain access to new items.",1,
2974,Mark of the Night of the Black Knives ritual,"On the Night of the Black Knives, someone stole a fragment of Death from Maliketh, the Black Blade, and imbued its power into the assassins' daggers.

This mark is evidence of the ritual, and hides the truth of the conspiracy.",1,https://eldenring.fanapis.com/images/items/17f69826b90l0i209g5sv9021cx8ik.png
2975,Grants choice of affinity upgrade to weapon,"Black whetblade with a cipher engraved. Can be used as a whetstone knife.

When applying an affinity using physical or occult-type ashes of war, an additional affinity of poison, blood, or occult can be chosen.",1,https://eldenring.fanapis.com/images/items/17f69c318f1l0i20f46vnxg6mw0oo.png
2976,Offer to Twin Maiden Husks for new item access,"The Blackguard's bell bearing, found upon his perished flesh.

Offer to the Twin Maiden Husks at the Roundtable Hold to gain access to new items.",1,
2977,Offer to Twin Maiden Husks for new item access,"Bell bearing of an unfortunate bone peddler who was slain by the Bell Bearing Hunter.

Offer to the Twin Maiden Husks at the Roundtable Hold to gain access to the following items:

- Thin Animal Bones
- Hefty Beast Bone",1,
2978,Key revealing the hidden form of Carian Study Hall,"Statuette of a scholar, with ground and sky inverted.

Reveals the hidden form of the Carian Study Hall, which connects to the divine tower.

To unveil the secret, affix it to the pedestal of the celestial globe.",1,https://eldenring.fanapis.com/images/items/17f69ab7dd2l0i20bzz7fy70n87jt3.png
2979,Carry out Absolution at the Church of Vows,"A hidden Tear found in the Eternal City.
Also known as a Night Tear.

Allows one to carry out an Absolution at the Church of Vows, reversing all antagonizations.

Once upon a time, the stars of the night sky guided fate, and this is a recollection of those times.",2,https://eldenring.fanapis.com/images/items/17f69a32e39l0i2092ydbzq5izu5c8.png
2980,Restores half of total FP in mixed physick,"A crystal tear formed slowly over the ages where the Erdtree's bounty falls to the ground.

Can be mixed in the Flask of Wondrous Physick.
The resulting concoction restores half of one's maximum FP.",1,https://eldenring.fanapis.com/images/items/17f697c721fl0i20j4uws9c44dnb3e.png
2981,Restores half of total FP in mixed physick,"A crystal tear formed slowly over the ages where the Erdtree's bounty falls to the ground.

Can be mixed in the Flask of Wondrous Physick.
The resulting concoction restores half of one's maximum FP.",1,https://eldenring.fanapis.com/images/items/17f697c721fl0i20j4uws9c44dnb3e.png
2982,Eliminates all FP consumption in mixed physick,"A crystal tear formed slowly over the ages where the Erdtree's bounty falls to the ground.

Can be mixed in the Flask of Wondrous Physick.
The resulting concoction eliminates all FP consumption.

However, this effect is only brief and will quickly expire.",1,https://eldenring.fanapis.com/images/items/17f69e2c73dl0i20j8em1vna080i3k.png
2983,Broach wrapped in red velvet,"Memento left by the chrysalids sacrificed for grafting. A brooch wrapped in red velvet. Traces of blood are visible.

Faintly visible spirits try to convey something, but their voices cannot be heard.",1,https://eldenring.fanapis.com/images/items/17f69afd15fl0i208acg0jckcmfrp4.png
2984,Give to a learned sorcerer to acquire new sorceries,"A sorcery scroll from the Academy of Raya Lucaria.
Details superior sorceries taught to scholars worthy of donning the stone crown and studying a certain conspectus.

Can be given to a learned sorcerer to gain access to the following sorceries:

- Glintstone Cometshard
- Star Shower",1,
2985,Offer to Twin Maiden Husks for new item access,"Brother Corhyn's bell bearing, found upon his perished flesh.

Offer to the Twin Maiden Husks at the Roundtable Hold to gain access to new items.",1,
2986,Container required for crafting cracked pot items,"This empty pot somehow mends itself when broken.
Essential vessel for crafting cracked pot items.

The materials and magics sealed within deploy their effects when the pot is thrown.",2,https://eldenring.fanapis.com/images/items/17f69cd64fel0i20oy5m6swcehuold.png
2987,Enables the practice of item crafting,"Leather bag containing a pestle and mortar, small blade, and various other tools.

Enables item crafting from the main menu.

Provides both means to fight and means to survive.",1,https://eldenring.fanapis.com/images/items/17f697d40afl0i2041cta4gx4stl1.png
2988,Restores HP when near death in mixed physick,"A crystal tear formed slowly over the ages where the Erdtree's bounty falls to the ground.

Can be mixed in the Flask of Wondrous Physick.
The resulting concoction automatically heals one's HP in the moment before death.

However, this effect only occurs once, and will expire after a certain duration.",1,https://eldenring.fanapis.com/images/items/17f69880f5cl0i20lxljnhf615863.png
2989,Restores half of total HP in mixed physick,"A crystal tear formed slowly over the ages where the Erdtree's bounty falls to the ground.

Can be mixed in the Flask of Wondrous Physick.
The resulting concoction restores half of one's maximum HP.",1,https://eldenring.fanapis.com/images/items/17f69561c1fl0i20jhvr6qnfvfnvlt.png
2990,Restores half of total HP in mixed physick,"A crystal tear formed slowly over the ages where the Erdtree's bounty falls to the ground.

Can be mixed in the Flask of Wondrous Physick.
The resulting concoction restores half of one's maximum HP.",1,https://eldenring.fanapis.com/images/items/17f69561c1fl0i20jhvr6qnfvfnvlt.png
2991,Steadily restores HP for a time in mixed physick,"A crystal tear formed slowly over the ages where the Erdtree's bounty falls to the ground.

Can be mixed in the Flask of Wondrous Physick.
The resulting concoction gradually restores one's HP over time.",1,https://eldenring.fanapis.com/images/items/17f69da9423l0i20jnhwocxfpp5qa.png
2992,Temporarily boosts max HP in mixed physick,"A crystal tear formed slowly over the ages where the Erdtree's bounty falls to the ground.

Can be mixed in the Flask of Wondrous Physick.
The resulting concoction temporarily raises one's maximum HP.",1,https://eldenring.fanapis.com/images/items/17f6955db65l0i20ldhqzkp3n6bm9o.png
2993,Converts damage received into HP in mixed physick,"A crystal tear formed slowly over the ages where the Erdtree's bounty falls to the ground.

Can be mixed in the Flask of Wondrous Physick.
The resulting concoction converts incoming damage into recovered HP instead. However, physical damage cannot be converted.

This effect is only brief and will quickly expire.",1,https://eldenring.fanapis.com/images/items/17f69d8bccfl0i20m1sbm7hv0g8u8.png
2994,Cursemark carved into Lunar Princess Ranni's discarded flesh,"Cursemark carved into the discarded flesh of Ranni the Witch. Also known as the half-wheel wound of the centipede.

This cursemark was carved at the moment of Death of the first demigod, and should have taken the shape of a circle.

However, two demigods perished at the same time, breaking the cursemark into two half-wheels.

Ranni was the first of the demigods whose flesh perished, while the Prince of Death perished in soul alone.",1,
2995,Offer to Twin Maiden Husks for new item access,"D's bell bearing, found upon his perished flesh.

Offer to the Twin Maiden Husks at the Roundtable Hold to gain access to new items.",1,
2996,Castanets used by dancers from distant lands,"Castanets used by dancers from foreign lands. Received from Patches.

The passionate dance comprises no seductiveness, but merely a dignified beauty.",1,
2997,Ring of Lunar Princess Ranni's cold oath,"Ring depicting a leaden full moon. Symbolic of a cold oath, the ring is supposed to be given by Lunar Princess Ranni to her consort.

Ranni is an Empyrean, meaning her consort would by rights earn the title of lord.

A warning is engraved within; ""Whoever thou mayest be, take not the ring from this place, the solitude beyond the night is better mine alone.""",1,https://eldenring.fanapis.com/images/items/17f69523119l0i20cmm4d46vbtfoav.png
2998,Beast Clergyman seeks and devours these,"A source that gives rise to Those Who Live in Death.

The Beast Clergyman, found at Bestial Sanctum in the distant east, collects and devours these roots.

On the night of the dire plot the stolen Rune of Death enabled the first Death of a demigod. Later, the Rune of Death spread across the Lands Between through the underground roots of the Greattree, sprouting in the form of Deathroot.",2,https://eldenring.fanapis.com/images/items/17f698fde01l0i208oj9xgaolt458e.png
2999,Join medallions to operate Grand Lift of Dectus,"Left half of a split medallion depicting the Erdtree.

Brandishing the medallion with both halves conjoined will activate the Grand Lift of Dectus, connecting the Altus Plateau to Liurnia.

The right half is said to reside in Fort Faroth in the Dragonbarrow, far to the east.",1,
3000,Join medallions to operate Grand Lift of Dectus,"Right half of a split medallion depicting the Erdtree.

Brandishing the medallion with both halves conjoined will activate the Grand Lift of Dectus, connecting the Altus Plateau to Liurnia.

The left half is said to reside in the coastal Fort Haight to the far west.",1,
3001,Temporarily boosts dexterity in mixed physick,"A crystal tear formed slowly over the ages where the Erdtree's bounty falls to the ground.

Can be mixed in the Flask of Wondrous Physick.
The resulting concoction temporarily boosts one's dexterity.",1,https://eldenring.fanapis.com/images/items/17f69a367e6l0i20k8hchpm6hmgrlb.png
3002,Key to treasure chest for Carian Princesses,"A key discarded by Lunar Princess Ranni alongside her very flesh.

Opens a treasure chest passed down to Carian Princesses.

It is said to be found in the Grand Library of Raya Lucaria with her mother Rennala.",1,https://eldenring.fanapis.com/images/items/17f696d60ffl0i207s3ni82cdzpgc9.png
3003,Give to a learned cleric to acquire new incantations,"Prayerbook of the capital's ancient dragon cult.
A text of the knights' faith that arose after the War of the Ancient Dragons.

Can be given to a learned cleric to gain access to the following incantations:

- Lightning Spear
- Honed Bolt
- Electrify Armament",1,https://eldenring.fanapis.com/images/items/17f69a33a88l0i20dxcmnrdd280sk.png
3004,Gain power of the dragon at the Dragon Communion altar,"Dragon heart seized by a dragon tracker.
Riddled with Gravel Stone, this grotesque organ continues to beat vivaciously.

An offering used in the Dragon Communion. Consume a dragon's heart at the altar to make its power yours.

While a terrible and savage-looking thing, the heart has a peculiar beauty to it.",2,https://eldenring.fanapis.com/images/items/17f699a6aa5l0i1zmh7yprbiqxpkc.png
3005,Key to the Volcano Manor drawing room,"Key to Volcano Manor's drawing room.

The door can be found in the westward corridor, upon the left hand side.",1,
3006,Temporarily boosts faith in mixed physick,"A crystal tear formed slowly over the ages where the Erdtree's bounty falls to the ground.

Can be mixed in the Flask of Wondrous Physick.
The resulting concoction temporarily boosts one's faith.",1,https://eldenring.fanapis.com/images/items/17f69579378l0i20jqwrykv5651bni.png
3007,Expands crafting repertoire,"A record of crafting techniques left by a man who was utterly captivated by St. Trina. He continued the search for her in his slumber.

Acquire the knowledge to craft the following:

- Sleep Pot",1,https://eldenring.fanapis.com/images/items/17f69e36ce5l0i1zab98x6rqsnkacj.png
3008,Expands crafting repertoire,"A record of crafting techniques left by a man who was utterly captivated by St. Trina. He continued the search for her in his slumber.

Acquire the knowledge to craft the following:

- Soporific Grease
- Drawstring Soporific Grease
- Sleepbone Arrow
- Sleepbone Arrow (Fletched)
- Sleepbone Bolt",1,https://eldenring.fanapis.com/images/items/17f69d428c1l0i1zanj5zzei2c67ey.png
3009,Expands crafting repertoire,"A record of crafting techniques left by a man who was utterly captivated by St. Trina. He continued the search for her in his slumber.

Acquire the knowledge to craft the following:

- Bewitching Branch",1,https://eldenring.fanapis.com/images/items/17f698fdea2l0i1zeqb3eyjn1dbptq.png
3010,"Eyeball of the knight Vyke, inflamed yellow","Eyeball of the knight Vyke, inflamed yellow.
Seared with a repulsive fingerprint burn akin to those that marred his entire body.

If offered to the blind maiden, it will lead her to the source of the distant light, allowing her to become a Finger Maiden.",1,https://eldenring.fanapis.com/images/items/17f69cab719l0i209ibai7z2o5douc.png
3011,Hidden treasure of the Eternal City of Nokron,"The hidden treasure of the Eternal City of Nokron; a blade said to have been born of a corpse.

This blood-drenched fetish is proof of the high treason committed by the Eternal City and symbolizes its downfall.

Cannot be wielded by those without a fate, but is said to be able to harm the Greater Will and its vassals.",1,https://eldenring.fanapis.com/images/items/17f69d110b2l0i20bsbvoeefww2qqn.png
3012,Give to a learned cleric to acquire new incantations,"Prayerbook of the Fire Monks, who came from the Mountaintops of the Giants far to the north.

Can be given to a learned cleric to gain access to the following incantations:

- O, Flame!
- Surge, O Flame!",1,https://eldenring.fanapis.com/images/items/17f699197bal0i20dpu8p25sz2o9nh.png
3013,Temporarily boosts fire attacks in mixed physick,"A crystal tear formed slowly over the ages where the Erdtree's bounty falls to the ground.

Can be mixed in the Flask of Wondrous Physick.
The resulting concoction temporarily boosts the power of one's fire attacks.",1,
3014,Expands crafting repertoire,"A record of crafting techniques left by those afflicted by the madness of the flame of frenzy.
Contains techniques discovered in desperation.

Acquire the knowledge to craft the following:

- Clarifying Boluses",1,https://eldenring.fanapis.com/images/items/17f69775681l0i1zhfktji7qpekgeb.png
3015,Expands crafting repertoire,"A record of crafting techniques left by those afflicted by the madness of the flame of frenzy.
Contains techniques discovered in desperation.

Acquire the knowledge to craft the following:

- Frenzyflame Stone",1,
3016,Offer to Twin Maiden Husks for new item access,"The bell bearing of a forager who once picked ghost glovewort flowers.

Offer to the Twin Maiden Husks at the Roundtable Hold to gain access to the following items:

- Ghost Glovewort [1]
- Ghost Glovewort [2]
- Ghost Glovewort [3]",1,
3017,Offer to Twin Maiden Husks for new item access,"The bell bearing of a forager who once picked ghost glovewort flowers.

Offer to the Twin Maiden Husks at the Roundtable Hold to gain access to the following items:

- Ghost Glovewort [4]
- Ghost Glovewort [5]
- Ghost Glovewort [6]",1,
3018,Offer to Twin Maiden Husks for new item access,"The bell bearing of a forager who once picked ghost glovewort flowers.

Offer to the Twin Maiden Husks at the Roundtable Hold to gain access to the following items:

- Ghost Glovewort [7]
- Ghost Glovewort [8]
- Ghost Glovewort [9]",1,
3019,Give to a learned cleric to acquire new incantations,"Prayerbook that contains the secrets of the Fire Giants.
Kept hidden by the prelates who monitor the Giant's Flame.

Can be given to a learned cleric to gain access to the following incantations:

- Giantsflame Take Thee
- Flame, Fall Upon Them",1,
3020,Expands crafting repertoire,"A record of crafting techniques left by a glintstone craftsman who served the academy.
Contains information on ""faux sorceries,"" such as they were called.

Acquire the knowledge to craft the following:

- Cuckoo Glintstone",1,https://eldenring.fanapis.com/images/items/17f69e461dfl0i1zg4jldt4yjnoys.png
3021,Expands crafting repertoire,"A record of crafting techniques left by a glintstone craftsman who served the academy.
Contains information on ""faux sorceries,"" such as they were called.

Acquire the knowledge to craft the following:

- Freezing Grease",1,https://eldenring.fanapis.com/images/items/17f69b0fee6l0i1zg4tyg6lrae4tbe.png
3022,Expands crafting repertoire,"A record of crafting techniques left by a glintstone craftsman who served the academy.
Contains information on ""faux sorceries,"" such as they were called.

Acquire the knowledge to craft the following:

- Albinauric Pot",1,https://eldenring.fanapis.com/images/items/17f69ca6512l0i1zgmwo4po0v83oq8.png
3023,Expands crafting repertoire,"A record of crafting techniques left by a glintstone craftsman who served the academy.
Contains information on ""faux sorceries,"" such as they were called.

Acquire the knowledge to craft the following:

- Magic Pot
- Roped Magic Pot
- Shield Grease",1,https://eldenring.fanapis.com/images/items/17f69a51206l0i1zgo366ludyegee.png
3024,Expands crafting repertoire,"A record of crafting techniques left by a glintstone craftsman who served the academy.
Contains information on ""faux sorceries,"" such as they were called.

Acquire the knowledge to craft the following:

- Magic Grease
- Drawstring Magic Grease
- Magicbone Arrow
- Magicbone Arrow (Fletched)
- Magicbone Bolt",1,https://eldenring.fanapis.com/images/items/17f697db6a5l0i1zgqp6vwj9feu18h.png
3025,Expands crafting repertoire,"A record of crafting techniques left by a glintstone craftsman who served the academy.
Contains information on ""faux sorceries,"" such as they were called.

Acquire the knowledge to craft the following:

- Freezing Pot",1,https://eldenring.fanapis.com/images/items/17f69d1dd3cl0i1zh08kyvg85za7ud.png
3026,Expands crafting repertoire,"A record of crafting techniques left by a glintstone craftsman who served the academy.
Contains information on ""faux sorceries,"" such as they were called.

Acquire the knowledge to craft the following:

- Coldbone Arrow
- Coldbone Arrow (Fletched)
- Coldbone Bolt",1,
3027,Expands crafting repertoire,"A record of crafting techniques left by a glintstone craftsman who served the academy.
Contains information on ""faux sorceries,"" such as they were called.

Acquire the knowledge to craft the following:

- Academy Magic Pot",1,https://eldenring.fanapis.com/images/items/17f699eb929l0i1zhbm10vm1rnqhn0i.png
3028,Grants choice of affinity upgrade to weapon,"Glintstone whetblade with a cipher engraved. Can be used as a whetstone knife.

When applying an affinity using physical or magic-type ashes of war, an additional affinity of magic or frost can be chosen.",1,https://eldenring.fanapis.com/images/items/17f69ceb2bfl0i20en3jbf94z5kosa.png
3029,Offer to Twin Maiden Husks for new item access,"The bell bearing of a forager who once picked grave glovewort flowers.

Offer to the Twin Maiden Husks at the Roundtable Hold to gain access to the following items:

- Grave Glovewort [1]
- Grave Glovewort [2]
- Grave Glovewort [3]",1,
3030,Offer to Twin Maiden Husks for new item access,"The bell bearing of a forager who once picked grave glovewort flowers.

Offer to the Twin Maiden Husks at the Roundtable Hold to gain access to the following items:

- Grave Glovewort [4]
- Grave Glovewort [5]
- Grave Glovewort [6]",1,
3031,Offer to Twin Maiden Husks for new item access,"The bell bearing of a forager who once picked grave glovewort flowers.

Offer to the Twin Maiden Husks at the Roundtable Hold to gain access to the following items:

- Grave Glovewort [7]
- Grave Glovewort [8]
- Grave Glovewort [9]",1,
3032,Raises all attributes,"A Great Rune of the shardbearer Godrick.
Its blessing raises all attributes.

This Great Rune is known as the anchor ring, found in the center of the Elden Ring.

The first demigods were The Elden Lord Godfrey and his offspring, the golden lineage.",1,
3033,"Godrick's Great Rune, devoid of any benediction","The Great Rune of the shardbearer Godrick, devoid of any benediction.

Seek the Divine Tower of Limgrave, which stands beyond the great bridge from Stormveil Castle.",1,
3034,Give to a learned cleric to acquire new incantations,"Prayerbook bound in supple skin.
Incantations of the god-slaying black flame are written within.

Can be given to a learned cleric to gain access to the following incantations:

- Black Flame
- Black Flame Blade",1,
3035,Special sewing needle for demigod attire,"Sewing needle made of gold.
Unique item made to alter demigod attire.

One of the tools brought by Radagon when he entered into marriage with Rennala, Queen of the Full Moon, and joined the Carian line.",1,https://eldenring.fanapis.com/images/items/17f69a57e1al0i205nrq7r7ejujwwf.png
3036,Give to a learned cleric to acquire new incantations,"Prayerbook of the Golden Order fundamentalists.
A dense and complex academic treatise that contains the Order's fundamental principles.

Can be given to a learned cleric to gain access to the following incantations:

- Radagon's Rings of Light
- Law of Regression",1,
3037,Allows demigod garb alteration at sites of grace,"Tailoring tools made from gold.
Tools brought with the red-haired Radagon when he married into the Carian line.

With these, even demigod attire can be altered at a site of grace.",1,https://eldenring.fanapis.com/images/items/17f69c02f20l0i205dxwda6n4zguv.png
3038,Offer to Twin Maiden Husks for new item access,"Gatekeeper Gostoc's bell bearing, found upon his perished flesh.

Offer to the Twin Maiden Husks at the Roundtable Hold to gain access to new items.",1,
3039,Offer to Twin Maiden Husks for new item access,"Sage Gowry's bell bearing, found upon his perished flesh.

Offer to the Twin Maiden Husks at the Roundtable Hold to gain access to new items.",1,
3040,Offer to Twin Maiden Husks for new item access,"Bell bearing of an unfortunate gravity stone peddler who was slain by the Bell Bearing Hunter.

Offer to the Twin Maiden Husks at the Roundtable Hold to gain access to the following items:

- Gravity Stone Fan
- Gravity Stone Chunk",1,
3041,Used to perfect rebirth,"Amber egg clutched by Rennala, Queen of the Full Moon.
Great Rune of unborn demigods.

Perfects those who have been born anew.

Children born anew by Rennala are all frail and short-lived. Imperfect beings, each and all.",1,
3042,Temporarily boosts stamina recovery speed in mixed physick,"A crystal tear formed slowly over the ages where the Erdtree's bounty falls to the ground.

Can be mixed in the Flask of Wondrous Physick.
The resulting concoction temporarily boosts stamina recovery speed.",1,https://eldenring.fanapis.com/images/items/17f69d587e6l0i20ldq6svu7yi213g.png
3043,Temporarily boosts stamina in mixed physick,"A crystal tear formed slowly over the ages where the Erdtree's bounty falls to the ground.

Can be mixed in the Flask of Wondrous Physick.
The resulting concoction temporarily raises one's maximum stamina.",1,https://eldenring.fanapis.com/images/items/17f69aa1441l0i20j2e37z2mxbx8qt.png
3044,Join medallions to operate Grand Lift of Rold,"Left half of a split medallion depicting the Haligtree.

Brandishing the medallion with both halves conjoined will activate the Grand Lift of Rold, granting access to a hidden path.

In other words, this secret medallion will guide the bearer to the land of Miquella's Haligtree.",1,
3045,Join medallions to operate Grand Lift of Rold,"Right half of a split medallion depicting the Haligtree.

Brandishing the medallion with both halves conjoined will activate the Grand Lift of Rold, granting access to a hidden path.

In other words, this secret medallion will guide the bearer to the land of Miquella's Haligtree.",1,
3046,Offer to Twin Maiden Husks for new item access,"Bell bearing of a hermetic merchant, found upon his perished flesh.

Offer to the Twin Maiden Husks at the Roundtable Hold to gain access to new items.",1,
3047,Offer to Twin Maiden Husks for new item access,"Bell bearing of a hermetic merchant, found upon his perished flesh.

Offer to the Twin Maiden Husks at the Roundtable Hold to gain access to new items.",1,
3048,Offer to Twin Maiden Husks for new item access,"Bell bearing of a hermetic merchant, found upon his perished flesh.

Offer to the Twin Maiden Husks at the Roundtable Hold to gain access to new items.",1,
3049,Temporarily boosts holy attacks in mixed physick,"A crystal tear formed slowly over the ages where the Erdtree's bounty falls to the ground.

Can be mixed in the Flask of Wondrous Physick.
The resulting concoction temporarily boosts the power of one's holy attacks.",1,
3050,Offer to Twin Maiden Husks for new item access,"Iji the Smithing Master's bell bearing, found upon his perished flesh.

Offer to the Twin Maiden Husks at the Roundtable Hold to gain access to new items.",1,
3051,"Unseals sending gate, but disappears upon use","Stone key shaped like a sword.
A special item, imbued with rich blue magic.

Breaks the seal on the imp statues guarding the sending gates enshrined in each belfry, but remains embedded in the statue after use, meaning it can only be used once as an item.

Think well before using one.",2,https://eldenring.fanapis.com/images/items/17f69c62b71l0i206vv9tbzikgtxl.png
3052,Offer to Twin Maiden Husks for new item access,"An imprisoned merchant's bell bearing, found upon his perished flesh.

Offer to the Twin Maiden Husks at the Roundtable Hold to gain access to new items.",1,
3053,Temporarily boosts intelligence in mixed physick,"A crystal tear formed slowly over the ages where the Erdtree's bounty falls to the ground.

Can be mixed in the Flask of Wondrous Physick.
The resulting concoction temporarily boosts one's intelligence.",1,https://eldenring.fanapis.com/images/items/17f6985c1ael0i20naf0jklozksdt6c.png
3054,Letter addressed to the commander of Castle Morne,"Letter given by Irina, addressed to her father, the commander of Castle Morne.

Gorgeous silken handkerchief, lightly stained with blood. Words can be made out within.",1,https://eldenring.fanapis.com/images/items/17f69707f53l0i207oh8lu8mjrhphg.png
3055,Grants choice of affinity upgrade to weapon,"Iron whetblade with a cipher engraved. Can be used as a whetstone knife.

When applying an affinity using ashes of war, an additional affinity of heavy, keen, or quality can be chosen.",1,
3056,Offer to Twin Maiden Husks for new item access,"An isolated merchant's bell bearing, found upon his perished flesh.

Offer to the Twin Maiden Husks at the Roundtable Hold to gain access to new items.",1,
3057,Offer to Twin Maiden Husks for new item access,"An isolated merchant's bell bearing, found upon his perished flesh.

Offer to the Twin Maiden Husks at the Roundtable Hold to gain access to new items.",1,
3058,Offer to Twin Maiden Husks for new item access,"An isolated merchant's bell bearing, found upon his perished flesh.

Offer to the Twin Maiden Husks at the Roundtable Hold to gain access to new items.",1,
3059,Offer to Twin Maiden Husks for new item access,"Merchant Kalé's bell bearing, found upon his perished flesh.

Offer to the Twin Maiden Husks at the Roundtable Hold to gain access to new items.",1,
3060,Material needed by Rennala to grant rebirth,"Core of a creature of mimicry known as a silver tear.
As much a substance as it is a living organism.

Material required by the amber egg cradled by Rennala, Queen of the Full Moon, to birth people anew.

Being born anew allows the reallocation of attributes boosted by leveling up.",2,https://eldenring.fanapis.com/images/items/17f69da909al0i20aqnq0fxca1m5be.png
3061,Temporarily boosts poise in mixed physick,"A crystal tear formed slowly over the ages where the Erdtree's bounty falls to the ground.

Can be mixed in the Flask of Wondrous Physick.
The resulting concoction temporarily boosts one's poise.",1,https://eldenring.fanapis.com/images/items/17f6959a6ccl0i20l8o0t2gzabbv4g.png
3062,Temporarily boosts lightning attacks in mixed physick,"A crystal tear formed slowly over the ages where the Erdtree's bounty falls to the ground.

Can be mixed in the Flask of Wondrous Physick.
The resulting concoction temporarily boosts the power of one's lightning attacks.",1,
3063,Pure white oath-cloth given by Varré,"Pure white oath-cloth given by Varré. The final trial to be anointed a Knight of Mohg, Lord of Blood.

""Soak the cloth with a maiden's blood... The blood of anyone's maiden will do. You are maidenless, after all.""",1,
3064,"Bloodied white oath-cloth, dyed in a maiden's blood","Fully reddened oath-cloth, dyed in a maiden's blood.

The final trial is complete. Luminary Mohg is sure to welcome you into his service, as a knight who will lay the foundations for his dynasty.",1,
3065,Used to duplicate Ashes of War,"Empty ashes of war, devoid of any memories of battle.

Unable to apply any kind of affinity in their current state, but can be used by Smithing Master Hewg of the Roundtable Hold to recreate other ashes.

Thus does the copy pass into becoming the genuine article.",2,
3066,Temporarily boosts magic attacks in mixed physick,"A crystal tear formed slowly over the ages where the Erdtree's bounty falls to the ground.

Can be mixed in the Flask of Wondrous Physick.
The resulting concoction temporarily boosts the power of one's magic attacks.",1,
3067,Attacks recover HP after damage is taken,"A Great Rune of the shardbearer Malenia.
The blessing of this half-rotted rune reduces the healing power of Flask of Crimson Tears.

And yet, due to the infusion of Malenia's spirit of resistance, attacks made immediately after receiving damage will partially recover HP.

Malenia is daughter to Queen Marika and Radagon, and her Great Rune should have been the most sacred of all.",1,
3068,"Malenia's Great Rune, devoid of any benediction","The Great Rune of the shardbearer Malenia, devoid of any benediction.

Seek the Isolated Divine Tower, which stands beyond the lost great bridge.",1,
3069,Map of Ainsel River and environs,"Map of Ainsel River and environs.

Two great rivers flow beneath the Lands Between, the Siofra and the Ainsel. This vast region is said to be the grave of civilizations that flourished before the Erdtree.",1,
3070,Map of Altus Plateau and environs,"Map of Altus Plateau and environs.

The Altus Plateau, where the Erdtree's base can be found, contains the Royal Capital of Leyndell to the east, and Mt. Gelmir to the west. Scars from the Shattering remain apparent to this day.",1,
3071,Map of Caelid and environs,"Map of Caelid and environs.

Caelid, known as the locale of the last battle between General Radahn and Malenia, Blade of Miquella, is a vast land consummately marred by scarlet rot.",1,
3072,Map of Consecrated Snowfield and environs,"Map of Consecrated Snowfield and environs.

The route through this land, crossed east to west by a frozen river, leads to Miquella's Haligtree. This is the path taken by those unchosen, though it is a trial all the same.",1,
3073,Map of Deeproot Depths and environs,"Map of Deeproot Depths and environs.

At the very depths of the Erdtree's majestic roots lies the source of the Ainsel and the Siofra rivers. Here too begins the network of Greattree roots that spread throughout the Lands Between.",1,
3074,Map of Dragonbarrow and environs,"Map of Dragonbarrow and environs.

The dragons that escaped the scarlet rot made a nest of the plateau to Caelid's north. Thus it was named ""Dragonbarrow,"" and none dare to enter.",1,
3075,Map of Lake of Rot and environs,"Map of Lake of Rot and environs.

A great lake of standing water downstream of the Ainsel River. It is said that the divine essence of an outer god is sealed away in this land. ",1,
3076,Map of Leyndell Capital and environs,"Map of the Royal Capital of Leyndell and environs.

Leyndell, City of the Erdtree, is a metropolis enclosed by double ramparts. The inner wall remains unbreached to this day.",1,
3077,Map of Limgrave's eastern region,"Map of the eastern region of Limgrave.

Other than the Mistwood which envelops the south, it is known for its lands which lead to Caelid, a path trod by many a soldier in the past.",1,
3078,Map of Limgrave's western region,"Map of the western region of Limgrave.

The demesne of Limgrave, far south of the Erdtree, is bordered to the northwest by the cliffs of Stormveil, and under its ever-clouded skies roll the great steppes of the pale lands.",1,
3079,Map of Liurnia's eastern region,"Map of Liurnia's eastern region.

The majority of Liurnia, known for its vast forests and ever-present fog, is sinking into a lake. The eastern coast is home to a highroad running north and south.",1,
3080,Map of Liurnia's northern region,"Map of Liurnia's northern region.

The Academy of Raya Lucaria towers over the north, while at its base spreads the town built around it, now flooded. Two highroads end their journeys here.",1,
3081,Map of Liurnia's western region,"Map of Liurnia's western region.

The majority of Liurnia, known for its vast forests and ever-present fog, is sinking into a lake. The western coast has always been closely associated with Carian royalty.",1,
3082,Map of Mohgwyn Palace and environs,"Map of Mohgwyn Palace and environs.

In the lightless depths lies the grave of an ancient civilization. It is here Mohg, the Lord of Blood, is building his palace, to be the seat of his coming dynasty named Mohgwyn. And whatever nightmares that may bring.",1,
3083,Map of Eastern Mountaintops of the Giants,"Map of Eastern Mountaintops of the Giants.

The remote, desolate eastern summit is the highest point in all the Lands Between, overlooking even the Flame Peak to the south.",1,
3084,Map of Western Mountaintops of the Giants,"Map of Western Mountaintops of the Giants.

Marching ground during the War against the Giants. They carved winding paths in the cliff walls right up to the summit, leading to the untrodden snow-laden region beyond.",1,
3085,Map of Mt. Gelmir and environs,"Map of Mt. Gelmir and environs.

Mt. Gelmir, which houses the Volcano Manor at its summit, is characterized by sheer cliffs and ominous skies. These qualities only became more pronounced after the Shattering.",1,
3086,Map of Siofra River and environs,"Map of Siofra River and environs.

Two great rivers flow beneath the Lands Between, the Siofra and the Ainsel. This vast region is said to be the grave of civilizations that flourished before the Erdtree.",1,
3087,Map of Weeping peninsula,"Map of the Weeping Peninsula.

The peninsula, to Limgrave's south, is named for its unceasing rainfall, redolent of lament. ",1,
3088,Offer to Twin Maiden Husks for new item access,"Bell bearing of an unfortunate meat peddler who was slain by the Bell Bearing Hunter.

Offer to the Twin Maiden Husks at the Roundtable Hold to gain access to the following items:

- Sliver of Meat
- Lump of Flesh
- Turtle Neck Meat",1,
3089,Offer to Twin Maiden Husks for new item access,"Bell bearing of an unfortunate medicine peddler who was slain by the Bell Bearing Hunter.

Offer to the Twin Maiden Husks at the Roundtable Hold to gain access to the following items:

- Neutralizing Boluses
- Stanching Boluses
- Thawfrost Boluses
- Stimulating Boluses",1,
3090,Increases memory slots,"A black, lightly beguiling stone.
Prized by the sorcerers who produce them.

Increases memory slots.

Said to be a fragment of the black moon that once hung above the Eternal City.",2,https://eldenring.fanapis.com/images/items/17f697d6e2fl0i205z4701bi2d4i8o.png
3091,Can be used to mend the shattered Elden Ring,"Rune discovered by the noble Goldmask.
Used to restore the fractured Elden Ring when brandished by the Elden Lord.

A rune of transcendental ideology which will attempt to perfect the Golden Order.

The current imperfection of the Golden Order, or instability of ideology, can be blamed upon the fickleness of the gods no better than men. That is the fly in the ointment.",1,
3092,Can be used to mend the shattered Elden Ring,"Rune gestated by Fia, the Deathbed Companion.
Used to restore the fractured Elden Ring when brandished by the Elden Lord.

Formed of the two hallowbrand half-wheels combined, it will embed the principle of life within Death into Order. 

The Golden Order was created by confining Destined Death. Thus, this new Order will be one of Death restored.",1,
3093,Can be used to mend the shattered Elden Ring,"Loathsome rune gestated by the Dung Eater.
Used to restore the fractured Elden Ring when brandished by the Elden Lord.

The reviled curse will last eternally, and the world's children, grandchildren, and every generation hence, will be its pustules.

If Order is defiled entirely, defilement is defilement no more, and for every curse, a cursed blessing.",1,
3094,Doll resembling Ranni the Witch,"A doll resembling Ranni the Witch.
From head to toe every detail is perfect.

This unresponsive doll seems pleasantly cool.",1,https://eldenring.fanapis.com/images/items/17f699e7b9al0i20ch56uunpr2w1ge.png
3095,Doll resembling Ranni the Witch,"A doll resembling Ranni the Witch.
From head to toe every detail is perfect.

The chilliness is gone, feeling now like an empty husk.

There is no response.",1,https://eldenring.fanapis.com/images/items/17f699e7b9al0i20ch56uunpr2w1ge.png
3096,Offer to Twin Maiden Husks for new item access,"Miriel, Pastor of Vows' bell bearing, found upon his perished flesh.

Offer to the Twin Maiden Husks at the Roundtable Hold to gain access to new items.",1,
3097,Expands crafting repertoire,"A record of crafting techniques left by a man who, unable to become a Finger Maiden, instead became a missionary, and went forth to spread holy teachings.

Acquire the knowledge to craft the following:

- Holy Water Pot
- Roped Holy Water Pot",1,https://eldenring.fanapis.com/images/items/17f69b54da8l0i1zarwlosa6oatghm.png
3098,Expands crafting repertoire,"A record of crafting techniques left by a man who, unable to become a Finger Maiden, instead became a missionary, and went forth to spread holy teachings.

Acquire the knowledge to craft the following:

- Scriptstone
- Grace Mimic
- Gold-Pickled Fowl Foot",1,
3099,Expands crafting repertoire,"A record of crafting techniques left by a man who, unable to become a Finger Maiden, instead became a missionary, and went forth to spread holy teachings.

Acquire the knowledge to craft the following:

- Silver-Pickled Fowl Foot",1,https://eldenring.fanapis.com/images/items/17f696be910l0i1zb6pflfp474bc8t.png
3100,Expands crafting repertoire,"A record of crafting techniques left by a man who, unable to become a Finger Maiden, instead became a missionary, and went forth to spread holy teachings.

Acquire the knowledge to craft the following:

- Holy Grease
- Drawstring Holy Grease
- Haligbone Arrow
- Haligbone Arrow (Fletched)
- Haligbone Bolt",1,https://eldenring.fanapis.com/images/items/17f696c4efbl0i1zbbjda4qxmf8kzc.png
3101,Expands crafting repertoire,"A record of crafting techniques left by a man who, unable to become a Finger Maiden, instead became a missionary, and went forth to spread holy teachings.

Acquire the knowledge to craft the following:

- Sacred Order Pot",1,https://eldenring.fanapis.com/images/items/17f69c220f9l0i1zbcayfdgzc5yh2k.png
3102,Expands crafting repertoire,"A record of crafting techniques left by a man who, unable to become a Finger Maiden, instead became a missionary, and went forth to spread holy teachings.

Acquire the knowledge to craft the following:

- Holyproof Dried Liver",1,
3103,Expands crafting repertoire,"A record of crafting techniques left by a man who, unable to become a Finger Maiden, instead became a missionary, and went forth to spread holy teachings.

Acquire the knowledge to craft the following:

- Rejuvenating Boluses",1,https://eldenring.fanapis.com/images/items/17f6961bfa3l0i1zbvsgmyyg8a7as7.png
3104,Grants a blessing of blood to phantoms,"A Great Rune of the shardbearer Mohg.
Its blessing grants a blessing of blood to summoned phantoms, and imparts a Phantom Great Rune upon successful invasion.

Mohg and Morgott are twin brothers, and their Great Runes are naturally similar.

But Mohg's rune is soaked in accursed blood, from his devout love for the wretched mire that he was born into far below the earth.",1,
3105,"Mohg's Great Rune, devoid of any benediction","The Great Rune of the shardbearer Mohg, devoid of any benediction.

Seek the Divine Tower of East Altus, which stands beyond the great bridge from Leyndell's eastern ward.",1,
3106,Greatly raises maximum HP,"A Great Rune of the shardbearer Morgott.
Its blessing greatly raises maximum HP.

This Great Rune is the anchor ring that houses the base, and proves two things:

That the Omen King was born of the golden lineage, and that he was indeed the Lord of Leyndell.",1,
3107,"Morgott's Great Rune, devoid of any benediction","The Great Rune of the shardbearer Morgott, devoid of any benediction.

Seek the Divine Tower of East Altus, which stands beyond the great bridge from Leyndell's eastern ward.",1,
3108,Offer to Twin Maiden Husks for new item access,"A nomadic merchant's bell bearing, found upon his perished flesh.

Offer to the Twin Maiden Husks at the Roundtable Hold to gain access to new items.",1,
3109,Offer to Twin Maiden Husks for new item access,"A nomadic merchant's bell bearing, found upon his perished flesh.

Offer to the Twin Maiden Husks at the Roundtable Hold to gain access to new items.",1,
3110,Offer to Twin Maiden Husks for new item access,"A nomadic merchant's bell bearing, found upon his perished flesh.

Offer to the Twin Maiden Husks at the Roundtable Hold to gain access to new items.",1,
3111,Offer to Twin Maiden Husks for new item access,"A nomadic merchant's bell bearing, found upon his perished flesh.

Offer to the Twin Maiden Husks at the Roundtable Hold to gain access to new items.",1,
3112,Offer to Twin Maiden Husks for new item access,"A nomadic merchant's bell bearing, found upon his perished flesh.

Offer to the Twin Maiden Husks at the Roundtable Hold to gain access to new items.",1,
3113,Offer to Twin Maiden Husks for new item access,"A nomadic merchant's bell bearing, found upon his perished flesh.

Offer to the Twin Maiden Husks at the Roundtable Hold to gain access to new items.",1,
3114,Offer to Twin Maiden Husks for new item access,"A nomadic merchant's bell bearing, found upon his perished flesh.

Offer to the Twin Maiden Husks at the Roundtable Hold to gain access to new items.",1,
3115,Offer to Twin Maiden Husks for new item access,"A nomadic merchant's bell bearing, found upon his perished flesh.

Offer to the Twin Maiden Husks at the Roundtable Hold to gain access to new items.",1,
3116,Offer to Twin Maiden Husks for new item access,"A nomadic merchant's bell bearing, found upon his perished flesh.

Offer to the Twin Maiden Husks at the Roundtable Hold to gain access to new items.",1,
3117,Offer to Twin Maiden Husks for new item access,"A nomadic merchant's bell bearing, found upon his perished flesh.

Offer to the Twin Maiden Husks at the Roundtable Hold to gain access to new items.",1,
3118,Expands crafting repertoire,"A record of crafting techniques left by roaming nomad warriors.
Contains knowledge for surviving in the face of utter scarcity.

Acquire the knowledge to craft the following:

- Bone Arrow
- Bone Arrow (Fletched)
- Bone Bolt",1,https://eldenring.fanapis.com/images/items/17f699cc01dl0i1zcfxbtac79ecrh9.png
3119,Expands crafting repertoire,"A record of crafting techniques left by roaming nomad warriors.
Contains knowledge for surviving in the face of utter scarcity.

Acquire the knowledge to craft the following:

- Stormwing Bone Arrow",1,https://eldenring.fanapis.com/images/items/17f69b034fdl0i1zdqd6d630e0zg57.png
3120,Expands crafting repertoire,"A record of crafting techniques left by roaming nomad warriors.
Contains knowledge for surviving in the face of utter scarcity.

Acquire the knowledge to craft the following:

- Crystal Dart
- Spellproof Dried Liver
- Shattershard Arrow",1,https://eldenring.fanapis.com/images/items/17f698ea0a5l0i1zdvil6p7p73nqco.png
3121,Expands crafting repertoire,"A record of crafting techniques left by roaming nomad warriors.
Contains knowledge for surviving in the face of utter scarcity.

Acquire the knowledge to craft the following:

- Cursed-Blood Pot",1,
3122,Expands crafting repertoire,"A record of crafting techniques left by roaming nomad warriors.
Contains knowledge for surviving in the face of utter scarcity.

Acquire the knowledge to craft the following:

- Bone Great Arrow
- Bone Great Arrow (Fletched)
- Bone Ballista Bolt",1,https://eldenring.fanapis.com/images/items/17f69a93cc2l0i1ze8stwtckka37bd.png
3123,Expands crafting repertoire,"A record of crafting techniques left by roaming nomad warriors.
Contains knowledge for surviving in the face of utter scarcity.

Acquire the knowledge to craft the following:

- Poison Pot
- Roped Poison Pot
- Poisonbone Dart",1,https://eldenring.fanapis.com/images/items/17f69cf9bd0l0i1zec4cc7daag8e6w.png
3124,Expands crafting repertoire,"A record of crafting techniques left by roaming nomad warriors.
Contains knowledge for surviving in the face of utter scarcity.

Acquire the knowledge to craft the following:

- Rotbone Arrow
- Rotbone Arrow (Fletched)
- Rotbone Bolt",1,https://eldenring.fanapis.com/images/items/17f69ac6809l0i1zex4m9c2k1sz6qb.png
3125,Expands crafting repertoire,"A record of crafting techniques left by roaming nomad warriors.
Contains knowledge for surviving in the face of utter scarcity.

Acquire the knowledge to craft the following:

- Thawfrost Boluses
- Stimulating Boluses",1,https://eldenring.fanapis.com/images/items/17f6996b11el0i1zevwdyb7l44ds8u.png
3126,Expands crafting repertoire,"A record of crafting techniques left by roaming nomad warriors.
Contains knowledge for surviving in the face of utter scarcity.

Acquire the knowledge to craft the following:

- Soap
- Oil Pot
- Roped Oil Pot",1,https://eldenring.fanapis.com/images/items/17f6998506bl0i1zf11urklhzx6yy.png
3127,Expands crafting repertoire,"A record of crafting techniques left by roaming nomad warriors.
Contains knowledge for surviving in the face of utter scarcity.

Acquire the knowledge to craft the following:

- Dappled Cured Meat
- Dappled White Cured Meat",1,https://eldenring.fanapis.com/images/items/17f696a2658l0i1zfdy9wqeumcm1p5.png
3128,Expands crafting repertoire,"A record of crafting techniques left by roaming nomad warriors.
Contains knowledge for surviving in the face of utter scarcity.

Acquire the knowledge to craft the following:

- Sweet Raisin
- Warming Stone",1,
3129,Expands crafting repertoire,"A record of crafting techniques left by roaming nomad warriors.
Contains knowledge for surviving in the face of utter scarcity.

Acquire the knowledge to craft the following:

- Glowstone
- Invigorating Cured Meat
- Invigorating White Cured Meat",1,https://eldenring.fanapis.com/images/items/17f698f3124l0i1zcgfoaub4hhz5c.png
3130,Expands crafting repertoire,"A record of crafting techniques left by roaming nomad warriors.
Contains knowledge for surviving in the face of utter scarcity.

Acquire the knowledge to craft the following:

- Volcano Pot
- Roped Volcano Pot",1,https://eldenring.fanapis.com/images/items/17f697ce7a2l0i1zfkaqx67yaqq3in.png
3131,Expands crafting repertoire,"A record of crafting techniques left by roaming nomad warriors.
Contains knowledge for surviving in the face of utter scarcity.

Acquire the knowledge to craft the following:

- Alluring Pot",1,https://eldenring.fanapis.com/images/items/17f69de8f6el0i1zfmu2hggk0w6xoe.png
3132,Expands crafting repertoire,"A record of crafting techniques left by roaming nomad warriors.
Contains knowledge for surviving in the face of utter scarcity.

Acquire the knowledge to craft the following:

- Rot Pot
- Rot Grease
- Drawstring Rot Grease",1,https://eldenring.fanapis.com/images/items/17f69c179b8l0i1zgf7yrmwlblu65f.png
3133,Expands crafting repertoire,"A record of crafting techniques left by roaming nomad warriors.
Contains knowledge for surviving in the face of utter scarcity.

Acquire the knowledge to craft the following:

- Frozen Raisin
- Clarifying Cured Meat
- Clarifying White Cured Meat",1,https://eldenring.fanapis.com/images/items/17f69baa90dl0i1zh8h3353r1wz8f8.png
3134,Expands crafting repertoire,"A record of crafting techniques left by roaming nomad warriors.
Contains knowledge for surviving in the face of utter scarcity.

Acquire the knowledge to craft the following:

- Swarm Pot
- Roped Fly Pot",1,https://eldenring.fanapis.com/images/items/17f69d22004l0i1zg3o0zd1cmdml6u.png
3135,Expands crafting repertoire,"A record of crafting techniques left by roaming nomad warriors.
Contains knowledge for surviving in the face of utter scarcity.

Acquire the knowledge to craft the following:

- Pickled Turtle Neck
- Poisonbone Arrow
- Poisonbone Arrow (Fletched)
- Poisonbone Bolt",1,https://eldenring.fanapis.com/images/items/17f6977f601l0i1zcudmlqwbhxvxlg.png
3136,Expands crafting repertoire,"A record of crafting techniques left by roaming nomad warriors.
Contains knowledge for surviving in the face of utter scarcity.

Acquire the knowledge to craft the following:

- Fetid Pot
- Roped Fetid Pot",1,https://eldenring.fanapis.com/images/items/17f6988025el0i1zd1qoym326hibp8.png
3137,Expands crafting repertoire,"A record of crafting techniques left by roaming nomad warriors.
Contains knowledge for surviving in the face of utter scarcity.

Acquire the knowledge to craft the following:

- Beastlure Pot",1,https://eldenring.fanapis.com/images/items/17f6966acccl0i1zd18qqiub6s1ytp.png
3138,Expands crafting repertoire,"A record of crafting techniques left by roaming nomad warriors.
Contains knowledge for surviving in the face of utter scarcity.

Acquire the knowledge to craft the following:

- Blood Grease
- Drawstring Blood Grease
- Bloodbone Arrow
- Bloodbone Arrow (Fletched)
- Bloodbone Bolt",1,https://eldenring.fanapis.com/images/items/17f69ce4214l0i1zd7ncu58jp3qh2d.png
3139,Expands crafting repertoire,"A record of crafting techniques left by roaming nomad warriors.
Contains knowledge for surviving in the face of utter scarcity.

Acquire the knowledge to craft the following:

- Soft Cotton
- Stanching Boluses
- Rainbow Stone Arrow",1,https://eldenring.fanapis.com/images/items/17f6957d138l0i1zddedaluxtisiod.png
3140,Expands crafting repertoire,"A record of crafting techniques left by roaming nomad warriors.
Contains knowledge for surviving in the face of utter scarcity.

Acquire the knowledge to craft the following:

- Poison Grease
- Drawstring Poison Grease",1,https://eldenring.fanapis.com/images/items/17f6980d0c8l0i1zf5catnqhzzcq4d.png
3141,Expands crafting repertoire,"A record of crafting techniques left by roaming nomad warriors.
Contains knowledge for surviving in the face of utter scarcity.

Acquire the knowledge to craft the following:

- Rancor Pot",1,https://eldenring.fanapis.com/images/items/17f69535af1l0i1zdkjerpcqovjl5s.png
3142,Significantly negates damage in mixed physick,"A crystal tear formed slowly over the ages where the Erdtree's bounty falls to the ground.

Can be mixed in the Flask of Wondrous Physick.
Provides significant damage negation.

However, this effect only occurs once, and will expire after a certain duration.",1,https://eldenring.fanapis.com/images/items/17f69d744c5l0i20jwe37b04q6po19.png
3143,Temporarily boosts all damage negation in physick,"A crystal tear formed slowly over the ages where the Erdtree's bounty falls to the ground.

Can be mixed in the Flask of Wondrous Physick.
The resulting concoction temporarily boosts all forms of damage negation.",1,https://eldenring.fanapis.com/images/items/17f6988a2dfl0i20ml5uqk4eom5n28.png
3144,Offer to Twin Maiden Husks for new item access,"Patches' bell bearing, found upon his perished flesh.

Offer to the Twin Maiden Husks at the Roundtable Hold to gain access to new items.",1,
3145,Container required for crafting perfume items,"Glass bottles used by perfumers. Used to seal various scent compounds.

Essential vessel for crafting perfume items.

The art of perfuming was once jealously guarded in the capital, but after the perfumers were drafted into service during the Shattering, the art became widely practiced throughout the Lands Between.",2,https://eldenring.fanapis.com/images/items/17f69d82f11l0i20tuxkggd95d1j9.png
3146,Expands crafting repertoire,"A record of crafting techniques left by a military perfumer.
Contains martial techniques beyond the repertoire of an ordinary physician.

Acquire the knowledge to craft the following:

- Spark Aromatic
- Uplifting Aromatic",1,https://eldenring.fanapis.com/images/items/17f69a4e1eel0i1zi2q9em38bfes5f.png
3147,Expands crafting repertoire,"A record of crafting techniques left by a depraved perfumer.
Contains perilous techniques no ordinary physician would attempt.

Acquire the knowledge to craft the following:

- Poison Spraymist
- Bloodboil Aromatic",1,https://eldenring.fanapis.com/images/items/17f69d93f0bl0i1zi1do78bjwzjpo.png
3148,Expands crafting repertoire,"A record of crafting techniques left by a depraved perfumer.
Contains perilous techniques no ordinary physician would attempt.

Acquire the knowledge to craft the following:

- Ironjar Aromatic",1,https://eldenring.fanapis.com/images/items/17f698347edl0i1zi4edg1khr0lppf.png
3149,Expands crafting repertoire,"A record of crafting techniques left by a depraved perfumer.
Contains perilous techniques no ordinary physician would attempt.

Acquire the knowledge to craft the following:

- Acid Spraymist",1,https://eldenring.fanapis.com/images/items/17f6974b90fl0i1zi5dk04ssmsdf7.png
3150,Offer to Twin Maiden Husks for new item access,"Servant Pidia's bell bearing, found upon his perished flesh.

Offer to the Twin Maiden Husks at the Roundtable Hold to gain access to new items.",1,
3151,Purifies the Lord of Blood's curse in a mixed physick,"A crystal tear formed slowly over the ages where the Erdtree's bounty falls to the ground.

Can be mixed in the Flask of Wondrous Physick.
The resulting concoction purifies the curse from Mohg, Lord of Blood's terrifying rite of blood.",1,https://eldenring.fanapis.com/images/items/17f69925cc9l0i20mslhcxg8v5za8b.png
3152,"Raises maximum HP, FP and stamina","A Great Rune of the shardbearer Radahn.
Its blessing raises maximum HP, FP and Stamina.

Radahn was amongst the children of Rennala and Radagon, who became demigod stepchildren after Radagon's union with Queen Marika.

The Great Rune burns, to resist the encroachment of the scarlet rot.",1,
3153,"Radahn's Great Rune, devoid of any benediction","The Great Rune of the shardbearer Radahn, devoid of any benediction.

Seek the Divine Tower of Caelid, which stands upon the precipice at the Dragonbarrow's shore.",1,
3154,Grants choice of affinity upgrade to weapon,"Red-hot whetblade with a cipher engraved. Can be used as a whetstone knife.

When applying an affinity using physical or flame-type ashes of war, an additional affinity of fire or flame art can be chosen.",1,
3155,Container required for crafting ritual pot items,"This empty pot somehow mends itself when broken.
Special item with greater durability than a cracked pot.

Essential vessel for crafting ritual pot items.

The materials and magics sealed within deploy their effects when the pot is thrown.",2,https://eldenring.fanapis.com/images/items/17f69654396l0i20p99cx76f8d5wud.png
3156,Offer to Twin Maiden Husks for new item access,"Rogier the Sorcerer's bell bearing, found upon his perished flesh.

Offer to the Twin Maiden Husks at the Roundtable Hold to gain access to new items.",1,
3157,Operates Grand Lift of Rold,"Conjoined split medallion depicting the Flame Peak.

Brandishing the medallion activates the Grand Lift of Rold, connecting Leyndell to the Mountaintops of the Giants.

The forge of the flame of ruin is said to be found upon their peaks, and it is here Melina wishes to travel in resuming your journey together.",1,
3158,Give to a learned sorcerer to acquire new sorceries,"Sorcery scroll of the Carian royal family, the heads of the Academy of Raya Lucaria.

Can be given to a learned sorcerer to gain access to the following sorceries:

- Glintblade Phalanx
- Carian Slicer",1,https://eldenring.fanapis.com/images/items/17f69b63b06l0i20ecjxchj0k8a7ig.png
3159,Causes concoction to explode in mixed physick,"A crystal tear formed slowly over the ages where the Erdtree's bounty falls to the ground.

Can be mixed in the Flask of Wondrous Physick.
Causes the resulting concoction to explode.

A defective crystal tear which possesses absolutely no medicinal qualities. A lesson said to be learned the hard way for some; faith can be a volatile matter, after all.",1,https://eldenring.fanapis.com/images/items/17f69730a73l0i20ivfxo0h69aodo.png
3160,Causes concoction to explode in mixed physick,"A crystal tear formed slowly over the ages where the Erdtree's bounty falls to the ground.

Can be mixed in the Flask of Wondrous Physick.
Causes the resulting concoction to explode.

A defective crystal tear which possesses absolutely no medicinal qualities. A lesson said to be learned the hard way for some; faith can be a volatile matter, after all.",1,https://eldenring.fanapis.com/images/items/17f69730a73l0i20ivfxo0h69aodo.png
3161,Opens a locked door in Stormveil Castle,"Rusted iron key.

Opens a locked door in Stormveil Castle.",1,https://eldenring.fanapis.com/images/items/17f69862ba2l0i206t8hr6feig9ai.png
3162,"Rya's necklace, stolen by a blackguard","Necklace stolen from Rya by the blackguard.
Features a relief of a dignified looking woman from a foreign country.

It appears to hold great significance for Rya.",1,
3163,Restores HP upon attacking enemies,"A Great Rune of the shardbearer Rykard.
Its blessing restores HP upon defeating enemies.

Rykard was amongst the children of Rennala and Radagon, who became demigod stepchildren after Radagon's union with Queen Marika.

But Rykard fed himself to the blasphemous serpent, Great Rune and all.",1,
3164,"Rykard's Great Rune, devoid of any benediction","The Great Rune of the shardbearer Rykard, devoid of any benediction.

Seek the Divine Tower of West Altus, which stands upon the precipice at the coast southwest of Leyndell.",1,
3165,Grants choice of affinity upgrade to weapon,"Sanctified whetblade with a cipher engraved. Can be used as a whetstone knife.

When applying an affinity using physical or golden-type ashes of war, an additional affinity of sacred or lightning can be chosen.",1,
3166,Curse grown on a body defiled by the Dung Eater,"Curse grown on a corpse killed and defiled by the Dung Eater.
A tender pox afflicted with omen horns.

The Dung Eater cultivates the seedbed curse on corpses.

By doing so he prevents dead souls returning to the Erdtree, leaving them forever cursed. One of the most loathsome things found in all the Lands Between.",2,https://eldenring.fanapis.com/images/items/17f695a2eeal0i209a1og68zgohdyd.png
3167,Offer to Twin Maiden Husks for new item access,"Sorceress Sellen's bell bearing, found upon her perished flesh.

Offer to the Twin Maiden Husks at the Roundtable Hold to gain access to new items.",1,
3168,Glintstone from within Sellen's body,"Glintstone from within the sorceress Sellen's body.
Seemingly half-alive, blood vessels are visible within.

In essence, a primal glintstone is a sorcerer's soul. If transplanted into a compatible new body after their original body dies, the sorcerer will rise again.

""My apprentice, do you think it distasteful?""",1,
3169,Can release Master Lusat from his confinement,"Glintstone key received from the sorceress Sellen.

Capable of breaking the seal that keeps Master Lusat confined.

Sellia, Town of Sorcery can be found in Caelid. This key was said to have been found in the possession of a Sellian sorcerer.",1,
3170,Offer to Twin Maiden Husks for new item access,"Preceptor Seluvis's bell bearing, found upon his perished flesh.

Offer to the Twin Maiden Husks at the Roundtable Hold to gain access to new items.",1,
3171,Letter of introduction addressed to Sellen,"Scroll bearing a royal coat of arms.
A letter of introduction written by Preceptor Seluvis.

Addressed to a glintstone sorceress by the name of Sellen.

The contents of the scroll cannot be discerned.",1,https://eldenring.fanapis.com/images/items/17f697ac7cdl0i20bjoloti5bjijqj.png
3172,Small flask received from Preceptor Seluvis,"Small flask received from Preceptor Seluvis containing a cloudy tonic of bluish black.

""Find Nepheli, and ensure she drinks it.""",1,https://eldenring.fanapis.com/images/items/17f69a28766l0i20atzgf1lpmg55at.png
3173,Amnion from a womb that bore unintended offspring,"Amnion from the mother's womb which cradled the poor unwanted offspring of a repellant birthing ritual.

It will never dry out, remaining damp indefinitely.",1,
3174,Unlocks sewer-gaol door beneath Leyndell,"Filthy key received from the Dung Eater.

Unlocks sewer-gaol door said to lie beneath Leyndell, the Royal Capital.",1,
3175,Boc the demi-human's prized sewing needle,"A large sewing needle, curved like a fang.
Boc the demi-human's prized possession.",1,https://eldenring.fanapis.com/images/items/17f69a35611l0i20597yedxrkvphsh.png
3176,"Yellowing, oozing eyeball of the infirm","A yellowing, oozing eyeball of the infirm. The surface is shriveled, and the inside is squishy, not unlike a large, overly-ripe grape.

Give to the blind maiden to guide her to the distant light.",2,https://eldenring.fanapis.com/images/items/17f69b4efcfl0i208rome3b7ahkojo.png
3177,Offer to Twin Maiden Husks for new item access,"The bell bearing of a miner who once dug for smithing stone.

Offer to the Twin Maiden Husks at the Roundtable Hold to gain access to the following items:

- Smithing Stone [1]
- Smithing Stone [2]
- Glintstone Scrap",1,
3178,Offer to Twin Maiden Husks for new item access,"The bell bearing of a miner who once dug for smithing stone.

Offer to the Twin Maiden Husks at the Roundtable Hold to gain access to the following items:

- Smithing Stone [3]
- Smithing Stone [4]
- Explosive Stone",1,
3179,Offer to Twin Maiden Husks for new item access,"The bell bearing of a miner who once dug for smithing stone.

Offer to the Twin Maiden Husks at the Roundtable Hold to gain access to the following items:

- Smithing Stone [5]
- Smithing Stone [6]",1,
3180,Offer to Twin Maiden Husks for new item access,"The bell bearing of a miner who once dug for smithing stone.

Offer to the Twin Maiden Husks at the Roundtable Hold to gain access to the following items:

- Smithing Stone [7]
- Smithing Stone [8]
- Ruin Fragment",1,
3181,Offer to Twin Maiden Husks for new item access,"The bell bearing of a miner who once dug for somber smithing stone.

Offer to the Twin Maiden Husks at the Roundtable Hold to gain access to the following items:

- Somber Smithing Stone [1]
- Somber Smithing Stone [2]
- Glintstone Scrap",1,
3182,Offer to Twin Maiden Husks for new item access,"The bell bearing of a miner who once dug for somber smithing stone.

Offer to the Twin Maiden Husks at the Roundtable Hold to gain access to the following items:

- Somber Smithing Stone [3]
- Somber Smithing Stone [4]
- Cracked Crystal",1,
3183,Offer to Twin Maiden Husks for new item access,"The bell bearing of a miner who once dug for somber smithing stone.

Offer to the Twin Maiden Husks at the Roundtable Hold to gain access to the following items:

- Somber Smithing Stone [5]
- Somber Smithing Stone [6]",1,
3184,Offer to Twin Maiden Husks for new item access,"The bell bearing of a miner who once dug for somber smithing stone.

Offer to the Twin Maiden Husks at the Roundtable Hold to gain access to the following items:

- Somber Smithing Stone [7]
- Somber Smithing Stone [8]
- Sanctuary Stone",1,
3185,Offer to Twin Maiden Husks for new item access,"The bell bearing of a miner who once dug for somber smithing stone.

Offer to the Twin Maiden Husks at the Roundtable Hold to gain access to the following items:

- Somber Smithing Stone [9]",1,
3186,Boosts resistance and heals status in mixed physick,"A crystal tear formed slowly over the ages where the Erdtree's bounty falls to the ground.

Can be mixed in the Flask of Wondrous Physick.
The resulting concoction temporarily raises all resistances and heals all status ailments.",1,https://eldenring.fanapis.com/images/items/17f696fcbd8l0i20lfm0397f7x0dt3d.png
3187,Enhances charged attacks for a time in mixed physick,"A crystal tear formed slowly over the ages where the Erdtree's bounty falls to the ground.

Can be mixed in the Flask of Wondrous Physick.
The resulting concoction increases the power of charged attacks for a certain duration.",1,https://eldenring.fanapis.com/images/items/17f69836ff1l0i20k414gijjqgw3vk.png
3188,Bell that summons various spirits from ashen items,"A bell capable of summoning various spirits
from ashen remains. It usually requires FP to use.

Spirits can only be summoned in the vicinity of a rebirth monument. When summoning is possible, the monument icon will be visible on the left side of the screen.

Only one type of spirit may be summoned at once, and none may be summoned during multiplayer.",1,https://eldenring.fanapis.com/images/items/17f69991a5al0i204r59tm4exdtnr.png
3189,Makes attacks more likely to break enemy stances in a mixed physick,"A crystal tear formed slowly over the ages where the Erdtree's bounty falls to the ground.

Can be mixed in the Flask of Wondrous Physick.
The resulting concoction makes one's attacks more likely to break enemy stances. However, the effect lasts only for a short time.",1,https://eldenring.fanapis.com/images/items/17f6981aec0l0i20m4sxqx6hk0w1d.png
3190,Use to break one imp statue seal,"A sword-shaped stone key.

Breaks the seal on imp statues, but remains embedded in the statue after use, meaning it can only be used once as an item.

Think well before using one.",2,https://eldenring.fanapis.com/images/items/17f69b93f33l0i206bj18mqb1lqzvbh.png
3191,Temporarily boosts strength in mixed physick,"A crystal tear formed slowly over the ages where the Erdtree's bounty falls to the ground.

Can be mixed in the Flask of Wondrous Physick.
The resulting concoction temporarily boosts one's strength.",1,https://eldenring.fanapis.com/images/items/17f698018fbl0i20jvm3lnanvufs6e.png
3192,Enables armor adjustment at sites of grace,"A portable set of tailoring tools.

Enables armor alterations at sites of grace.",1,https://eldenring.fanapis.com/images/items/17f69bd62d1l0i2055wu9b0k4ddvh.png
3193,Increases talisman equip slots,"Small, withered bag, knitted by hand. Bestowed upon the ruling lord, or those attempting to become lord, by the elderly Finger Reader.

Increases talisman equip slots.

As the voices of the Two Fingers, Finger Readers are said to live lives eternal, and one is even supposed to have served as a wetnurse to royalty.",2,https://eldenring.fanapis.com/images/items/17f69b3daf5l0i2065ib5jg6rmi10i.png
3194,Ashes of a hawk which heeds no summons,"Ashes of a hawk revered by all others as sovereign back in the days when Stormveil's winds still raged like no other.

This ancient monarch is proud however, refusing to answer anyone's summons.",1,https://eldenring.fanapis.com/images/items/17f6983c493l0i20cmftbvnhog3ss.png
3195,Offer to Twin Maiden Husks for new item access,"Sorcerer Thops's bell bearing, found upon his perished flesh.

Offer to the Twin Maiden Husks at the Roundtable Hold to gain access to new items.",1,
3196,Makes consecutive attacks grow stronger in mixed physick,"A crystal tear formed slowly over the ages where the Erdtree's bounty falls to the ground.

Can be mixed in the Flask of Wondrous Physick.
The resulting concoction makes consecutive attacks grow stronger the longer they continue. However, the effect lasts only for a short time.",1,https://eldenring.fanapis.com/images/items/17f69e058bcl0i20m27gbn17mv4o6o.png
3197,Tonic that banishes distress and bitter memories,"Tonic in a small brass vial.

Banishes distress and bitter memories.

A gift bestowed by Rykard, sworn to blasphemy, to Lady Tanith, who unfortunately had no use for it. ""My Lord, there could be no greater distress than to forget you.""",1,
3198,Briefly stop rune loss on death in mixed physick,"A crystal tear formed slowly over the ages where the Erdtree's bounty falls to the ground.

Can be mixed in the Flask of Wondrous Physick.
The resulting concoction prevents one's runes from being lost upon death. However, the effect lasts only for a short time.",1,https://eldenring.fanapis.com/images/items/17f69b88332l0i20kw85k8xxbferva.png
3199,Give to a learned cleric to acquire new incantations,"Prayerbook containing incantations of the Two Fingers.
An item once entrusted to Tarnished worthy of lordship.

Can be given to a learned cleric to gain access to the following incantations:

- Lord's Heal
- Lord's Aid",1,
3200,Intricate needle of unalloyed gold,"An intricately crafted needle of unalloyed gold.
Removed by Millicent from her flesh. Bears no trace of befouled blood, but is faintly moist with dew.

""There is something I must return to Malenia. The dignity, the sense of self, that allowed her to resist the call of the scarlet rot.""",1,https://eldenring.fanapis.com/images/items/17f69799c84l0i205u6lcu7cimt6go.png
3201,Snapped intricate needle of unalloyed gold,"An intricately crafted needle of unalloyed gold, snapped in half.

A ritual implement crafted to ward away the meddling of outer gods, it is thought capable of forestalling the incurable rotting sickness.

Sage Gowry has designs for this needle.",1,https://eldenring.fanapis.com/images/items/17f69799c84l0i205u6lcu7cimt6go.png
3202,Repaired intricate needle of unalloyed gold,"An intricately crafted needle of unalloyed gold. Once snapped in half, it has been repaired by Sage Gowry.

A ritual implement crafted to ward away the meddling of outer gods, it is thought capable of forestalling the incurable rotting sickness.

""Now, all you need do is deliver the needle to Millicent, convalescing in the church atop the cliff just beyond Sellia.""",1,https://eldenring.fanapis.com/images/items/17f69799c84l0i205u6lcu7cimt6go.png
3203,Golden prosthesis used by the one-armed Valkyrie,"Golden prosthesis once used by the one-armed valkyrie.
A masterwork of craftsmanship, with practice and skill it can be used as proficiently as a real arm.

When Maleigh Marais, Lord of the Shaded Castle, embraced this prosthesis, he claimed to feel the presence of his personal goddess.",1,https://eldenring.fanapis.com/images/items/17f69c601f1l0i20axhgsq56l4d2zi.png
3204,"Dagger received from Fia, Deathbed Companion","Dagger received from Fia, the Deathbed Companion.

She wishes for it to be returned to its rightful owner.

It was once a special weapon of gold and silver intertwined, but is now worn down and marred by a black gash.",1,https://eldenring.fanapis.com/images/items/17f6952825al0i20b9avef4x7252jh.png
3205,Can add new battle arts and affinities to weapons,"Whetstone with a cipher inscription, made to look like a small knifeblade.

Allows the use of ashes of war at a site of grace to bestow new battle arts and affinities to armaments as skills.

The battle arts and affinities will depend on the ashes of war used.",1,https://eldenring.fanapis.com/images/items/17f6967bc44l0i20eky6x7bayh6h3p.png
3206,Enhances dodge rolls for a time in mixed physick,"A crystal tear formed slowly over the ages where the Erdtree's bounty falls to the ground.

Can be mixed in the Flask of Wondrous Physick.
The resulting concoction increases the effectiveness of dodge rolls for a certain duration. However, damage taken is also increased during the concoction's effect.",1,https://eldenring.fanapis.com/images/items/17f6992e09fl0i20m5xak4e12nfsnh.png
3207,Temporarily reduces equip load in mixed physick,"A crystal tear formed slowly over the ages where the Erdtree's bounty falls to the ground.

Can be mixed in the Flask of Wondrous Physick.
Temporarily reduces equipment load.",1,https://eldenring.fanapis.com/images/items/17f69bd68bdl0i20kmor5s3eti9h5o.png
